,name,residue,RSA,type
66,MET,1,0.8481545283876616,Non-polar
67,SER,2,0.4713302825714324,Polar
68,GLY,3,0.5783069649922479,Polar
69,ILE,4,0.4371615287585136,Non-polar
70,ALA,5,0.0562308800121969,Non-polar
0,LEU,6,0.547388526157559,Non-polar
1,SER,7,0.5766347605031688,Polar
2,ARG,8,0.2747112921948703,Cationic
3,ALA,10,0.2056730759045309,Non-polar
4,GLN,11,0.4375857059086595,Polar
5,ARG,13,0.2405801017329378,Cationic
6,LYS,14,0.57834276102357,Cationic
7,ALA,15,0.2374026400983826,Non-polar
8,TRP,16,0.0668502431927305,Non-polar
9,ARG,17,0.7436115192917158,Cationic
125,LYS,18,0.8138983774993378,Cationic
126,ASP,19,0.551040037430544,Anionic
127,HSE,20,0.4915743227358217,Cationic
128,PRO,21,0.2683050973074777,Non-polar
129,PHE,22,0.9931523507101496,Non-polar
130,GLY,23,0.4816158727272269,Polar
43,PHE,24,0.0487012988642642,Non-polar
44,VAL,25,0.4327690818093039,Non-polar
45,VAL,27,0.4388405539772727,Non-polar
46,PRO,28,0.1050042734517679,Non-polar
47,THR,29,0.1871649385229941,Polar
48,LYS,30,0.5994158599336269,Cationic
131,ASN,31,0.3407582981701203,Polar
132,PRO,32,0.7689983318378399,Non-polar
133,ASP,33,0.8282903987456133,Anionic
134,GLY,34,0.6198018654105589,Polar
135,THR,35,0.4355041878355061,Polar
49,MET,36,0.5338676715719288,Non-polar
50,ASN,37,0.2175729312998725,Polar
51,LEU,38,0.3072352983564606,Non-polar
52,MET,39,0.1311173838347637,Non-polar
53,ASN,40,0.1804087429760611,Polar
54,GLU,42,0.159265232977466,Anionic
55,CYS,43,0.0024062902540773,Non-polar
56,ALA,44,0.0214396823536266,Non-polar
57,PRO,46,0.1184356119725611,Non-polar
71,GLY,47,0.1953668889311171,Polar
72,LYS,48,0.3814767417261156,Cationic
73,LYS,49,0.7174098774538202,Cationic
74,GLY,50,0.733741288332595,Polar
75,THR,51,0.188643601774438,Polar
76,PRO,52,0.1037101126336432,Non-polar
77,GLU,54,0.316728894955644,Anionic
78,GLY,55,0.5786645633658183,Polar
58,GLY,56,0.0604429392470526,Polar
59,LEU,57,0.3377919621492555,Non-polar
60,LYS,59,0.4257624997931011,Cationic
62,ARG,61,0.2416489223264298,Cationic
79,LEU,63,0.3268861820560475,Non-polar
80,PHE,64,0.017510243675165,Non-polar
81,LYS,65,0.4537727549924689,Cationic
82,ASP,66,0.6208176230364305,Anionic
83,ASP,67,0.2533084440996302,Anionic
84,PRO,69,0.0300809562980354,Non-polar
85,SER,70,0.277525228220266,Polar
86,SER,71,0.2310349257675917,Polar
87,PRO,72,0.1132523796775124,Non-polar
88,PRO,73,0.0178458752570214,Non-polar
64,LYS,74,0.4637576927572994,Cationic
65,LYS,76,0.4734412371102025,Cationic
89,GLU,78,0.3436314948251314,Anionic
90,PRO,79,0.4347572822075385,Non-polar
91,PRO,80,0.4214907559481534,Non-polar
92,LEU,81,0.0460744977621507,Non-polar
93,PHE,82,0.1007602423952336,Non-polar
94,TYR,87,0.3260268566655178,Non-polar
95,PRO,88,0.7107605376800934,Non-polar
96,SER,89,0.5311778675426136,Polar
98,THR,91,0.2291905689824578,Polar
99,VAL,92,0.0872014652598987,Non-polar
100,LEU,94,0.1467962514667611,Non-polar
101,SER,95,0.359217156897058,Polar
102,ILE,96,0.2875971867487981,Non-polar
103,LEU,97,0.1160659091010767,Non-polar
104,GLU,98,0.3128943755247882,Anionic
105,GLU,99,0.5276723843868648,Anionic
106,ASP,100,0.7477688712869736,Anionic
107,LYS,101,0.5930879883846994,Cationic
108,ASP,102,0.4112575755399816,Anionic
109,TRP,103,0.0587001786087498,Non-polar
110,ARG,104,0.6203481422280366,Cationic
111,PRO,105,0.4907690271154626,Non-polar
112,ALA,106,0.600900949525439,Non-polar
113,ILE,107,0.3323102902143429,Non-polar
10,THR,108,0.3370393390304472,Polar
11,LYS,110,0.1752710665686656,Cationic
12,GLN,111,0.5064036289108134,Polar
13,LEU,114,0.380739980967257,Non-polar
14,GLY,115,0.1811500627969958,Polar
15,GLN,117,0.1009420145337826,Polar
16,GLU,118,0.3467566231700861,Anionic
17,LEU,119,0.1011415251886657,Non-polar
18,ASN,121,0.1650764138940821,Polar
114,GLU,122,0.6734587767413843,Anionic
115,PRO,123,0.1325719387500317,Non-polar
116,ASN,124,0.2667565167268967,Polar
117,ILE,125,0.3751313429612379,Non-polar
118,GLN,126,0.7709656474746276,Polar
119,ASP,127,0.3410391782056839,Anionic
120,PRO,128,0.3320998154677353,Non-polar
121,ALA,129,0.0951637709436337,Non-polar
19,GLN,130,0.1455890352480879,Polar
20,ALA,131,0.6039211178614088,Non-polar
21,GLU,132,0.5813801845657491,Anionic
23,TYR,134,0.282749220904182,Non-polar
24,THR,135,0.4019696756374616,Polar
25,ILE,136,0.2277645208896734,Non-polar
26,TYR,137,0.1802559646905637,Non-polar
27,CYS,138,0.5619510959934544,Non-polar
28,GLN,139,0.6966396581346743,Polar
29,ASN,140,0.43234632359469,Polar
30,ARG,141,0.4411621381651679,Cationic
31,VAL,142,0.6598487622810133,Non-polar
32,GLU,143,0.3289793495819947,Anionic
33,GLU,145,0.2386741103412949,Anionic
34,LYS,146,0.6292067705574682,Cationic
35,ARG,147,0.4021580246259581,Cationic
36,ARG,149,0.5365015569722877,Cationic
37,ALA,150,0.5267220173985505,Non-polar
38,GLN,151,0.1829757690429687,Polar
39,ALA,152,0.0496028947436119,Non-polar
40,LYS,153,0.8095331353656315,Cationic
41,LYS,154,0.6846894086417505,Cationic
42,PHE,155,0.2822847868266858,Non-polar
122,ALA,156,0.3181576689412771,Non-polar
123,PRO,157,0.6468580171659395,Non-polar
