,tau,RSA,residue,number,type
0,9.016285833678245,0.547388526157559,6,LEU,Non-polar
1,10.847898840923166,0.5766347605031688,7,SER,Polar
2,21.452825821481483,0.2747112921948703,8,ARG,Cationic
3,5.486864086792288,0.2056730759045309,10,ALA,Non-polar
4,9.902242566168546,0.4375857059086595,11,GLN,Polar
5,39.88347340457266,0.2405801017329378,13,ARG,Cationic
6,9.973659277502632,0.57834276102357,14,LYS,Cationic
7,11.670067248448506,0.2374026400983826,15,ALA,Non-polar
8,53.232965038866666,0.0668502431927305,16,TRP,Non-polar
9,12.37611316169867,0.7436115192917158,17,ARG,Cationic
10,19.996628341347883,0.3370393390304472,108,THR,Polar
11,20.836178895655426,0.1752710665686656,110,LYS,Cationic
12,11.25098268533784,0.5064036289108134,111,GLN,Polar
13,7.558505901416616,0.380739980967257,114,LEU,Non-polar
14,18.996036682887198,0.1811500627969958,115,GLY,Polar
15,40.778213902421285,0.1009420145337826,117,GLN,Polar
16,28.286282280079707,0.3467566231700861,118,GLU,Anionic
17,31.892525445076224,0.1011415251886657,119,LEU,Non-polar
18,27.25818364434612,0.1650764138940821,121,ASN,Polar
19,20.956277709459098,0.1455890352480879,130,GLN,Polar
20,6.656398919647714,0.6039211178614088,131,ALA,Non-polar
21,22.18823772007179,0.5813801845657491,132,GLU,Anionic
22,7.137299851609741,0.282749220904182,134,TYR,Non-polar
23,7.060323089162498,0.4019696756374616,135,THR,Polar
24,6.499497489056419,0.2277645208896734,136,ILE,Non-polar
25,22.36604072372139,0.1802559646905637,137,TYR,Non-polar
26,6.174842511171347,0.5619510959934544,138,CYS,Non-polar
27,7.159084312419081,0.6966396581346743,139,GLN,Polar
28,8.606421319450321,0.43234632359469,140,ASN,Polar
29,12.800441903960223,0.4411621381651679,141,ARG,Cationic
30,6.808829643172736,0.6598487622810133,142,VAL,Non-polar
31,29.00825730374877,0.3289793495819947,143,GLU,Anionic
32,37.47607336084647,0.2386741103412949,145,GLU,Anionic
33,11.299273325419732,0.6292067705574682,146,LYS,Cationic
34,20.049821260600687,0.4021580246259581,147,ARG,Cationic
35,19.837400140122426,0.5365015569722877,149,ARG,Cationic
36,7.56509522932542,0.5267220173985505,150,ALA,Non-polar
37,15.241662156708871,0.1829757690429687,151,GLN,Polar
38,22.286559960697282,0.0496028947436119,152,ALA,Non-polar
39,9.850785688757158,0.8095331353656315,153,LYS,Cationic
40,10.054710789591391,0.6846894086417505,154,LYS,Cationic
41,14.332411066728485,0.2822847868266858,155,PHE,Non-polar
42,17.46241883182345,0.0487012988642642,24,PHE,Non-polar
43,8.338149663038186,0.4327690818093039,25,VAL,Non-polar
44,10.331840897224973,0.4388405539772727,27,VAL,Non-polar
45,45.02179761248862,0.1050042734517679,28,PRO,Non-polar
46,17.767478246231693,0.1871649385229941,29,THR,Polar
47,14.274152392899406,0.5994158599336269,30,LYS,Cationic
48,9.702179154268059,0.5338676715719288,36,MET,Non-polar
49,13.046383359675554,0.2175729312998725,37,ASN,Polar
50,11.41142805877723,0.3072352983564606,38,LEU,Non-polar
51,12.088403441939205,0.1311173838347637,39,MET,Non-polar
52,21.450458580737266,0.1804087429760611,40,ASN,Polar
53,49.26594488111412,0.159265232977466,42,GLU,Anionic
54,48.836432882918736,0.0024062902540773,43,CYS,Non-polar
55,4.578574826784687,0.0214396823536266,44,ALA,Non-polar
56,12.691545441450138,0.1184356119725611,46,PRO,Non-polar
57,52.02498278638247,0.0604429392470526,56,GLY,Polar
58,12.034729670643992,0.3377919621492555,57,LEU,Non-polar
59,37.485913077324994,0.4257624997931011,59,LYS,Cationic
60,25.370038229773687,0.2416489223264298,61,ARG,Cationic
61,25.205911164276277,0.4637576927572994,74,LYS,Cationic
62,23.212992083210697,0.4734412371102025,76,LYS,Cationic
63,7.498095410172283,0.8481545283876616,1,MET,Non-polar
64,10.927181900485122,0.4713302825714324,2,SER,Polar
65,9.49198081554296,0.5783069649922479,3,GLY,Polar
66,6.713684112071864,0.4371615287585136,4,ILE,Non-polar
67,30.86990663840838,0.0562308800121969,5,ALA,Non-polar
68,49.70016887604142,0.1953668889311171,47,GLY,Polar
69,19.915778789417534,0.3814767417261156,48,LYS,Cationic
70,10.614947420854882,0.7174098774538202,49,LYS,Cationic
71,5.9043978572903235,0.733741288332595,50,GLY,Polar
72,10.687933706532137,0.188643601774438,51,THR,Polar
73,11.899239826572861,0.1037101126336432,52,PRO,Non-polar
74,38.42613395798288,0.316728894955644,54,GLU,Anionic
75,16.981490846117847,0.5786645633658183,55,GLY,Polar
76,11.386538806682607,0.3268861820560475,63,LEU,Non-polar
77,35.23980695157297,0.017510243675165,64,PHE,Non-polar
78,21.477455348735223,0.4537727549924689,65,LYS,Cationic
79,27.77000895877495,0.6208176230364305,66,ASP,Anionic
80,28.723729639197046,0.2533084440996302,67,ASP,Anionic
81,10.58853241268844,0.0300809562980354,69,PRO,Non-polar
82,13.581520731494596,0.277525228220266,70,SER,Polar
83,36.13152687135195,0.2310349257675917,71,SER,Polar
84,65.3263064331384,0.1132523796775124,72,PRO,Non-polar
85,92.54279895296077,0.0178458752570214,73,PRO,Non-polar
86,30.620478113627872,0.3436314948251314,78,GLU,Anionic
87,10.91932404016281,0.4347572822075385,79,PRO,Non-polar
88,9.9864070735996,0.4214907559481534,80,PRO,Non-polar
89,61.55525221832369,0.0460744977621507,81,LEU,Non-polar
90,11.508065982732568,0.1007602423952336,82,PHE,Non-polar
91,8.501032531660869,0.3260268566655178,87,TYR,Non-polar
92,6.463454513863416,0.7107605376800934,88,PRO,Non-polar
93,10.10837821348746,0.5311778675426136,89,SER,Polar
94,17.479894081273326,0.2291905689824578,91,THR,Polar
95,78.65712604888957,0.0872014652598987,92,VAL,Non-polar
96,62.91928704295821,0.1467962514667611,94,LEU,Non-polar
97,55.115349697989295,0.359217156897058,95,SER,Polar
98,11.428518413334242,0.2875971867487981,96,ILE,Non-polar
99,52.98731173135692,0.1160659091010767,97,LEU,Non-polar
100,50.364537926105754,0.3128943755247882,98,GLU,Anionic
101,30.617404142595067,0.5276723843868648,99,GLU,Anionic
102,19.852784474369972,0.7477688712869736,100,ASP,Anionic
103,13.07102405861781,0.5930879883846994,101,LYS,Cationic
104,28.18538282599714,0.4112575755399816,102,ASP,Anionic
105,20.455938754815403,0.0587001786087498,103,TRP,Non-polar
106,8.893250702965323,0.6203481422280366,104,ARG,Cationic
107,8.354450728469576,0.4907690271154626,105,PRO,Non-polar
108,16.261709455721284,0.600900949525439,106,ALA,Non-polar
109,31.366196209555685,0.3323102902143429,107,ILE,Non-polar
110,23.766161736686968,0.6734587767413843,122,GLU,Anionic
111,20.69734455377817,0.1325719387500317,123,PRO,Non-polar
112,42.613736514316535,0.2667565167268967,124,ASN,Polar
113,7.995419513097573,0.3751313429612379,125,ILE,Non-polar
114,8.551687444128634,0.7709656474746276,126,GLN,Polar
115,74.30177791651349,0.3410391782056839,127,ASP,Anionic
116,8.089736632808275,0.3320998154677353,128,PRO,Non-polar
117,12.546269899025221,0.0951637709436337,129,ALA,Non-polar
118,8.911109417775407,0.3181576689412771,156,ALA,Non-polar
119,7.133644273138308,0.6468580171659395,157,PRO,Non-polar
120,8.622444876986254,0.8138983774993378,18,LYS,Cationic
121,23.262215036744752,0.551040037430544,19,ASP,Anionic
122,19.476066216070514,0.4915743227358217,20,HSE,Cationic
123,8.25944349240768,0.2683050973074777,21,PRO,Non-polar
124,8.1327914235808,0.9931523507101496,22,PHE,Non-polar
125,11.741885527779344,0.4816158727272269,23,GLY,Polar
126,10.267050472999962,0.3407582981701203,31,ASN,Polar
127,5.614468949036877,0.7689983318378399,32,PRO,Non-polar
128,15.905736111076203,0.8282903987456133,33,ASP,Anionic
129,6.219370634779586,0.6198018654105589,34,GLY,Polar
130,7.488772402843636,0.4355041878355061,35,THR,Polar
