,residue,RSA,name,type
36,3,0.7078105090136196,ASP,Anionic
37,4,0.859012425502884,GLN,Polar
38,5,0.6616663709979191,GLU,Anionic
39,6,0.8652330508902053,ALA,Non-polar
40,7,0.7267153465141685,LYS,Cationic
41,8,0.9360999565619929,PRO,Non-polar
42,9,0.7366019829169853,SER,Polar
43,10,0.9403577933282208,THR,Polar
44,11,0.7498012079256717,GLU,Anionic
45,12,0.6876344731784759,ASP,Anionic
46,13,0.7954078394705089,LEU,Non-polar
47,14,0.6668312623328769,GLY,Polar
48,15,0.7946864653398646,ASP,Anionic
49,16,0.6723370956162275,LYS,Cationic
50,17,0.8598849409717626,LYS,Cationic
51,18,0.7515300144659025,GLU,Anionic
52,19,0.4017715060833803,GLY,Polar
53,20,0.5682912095684871,GLU,Anionic
12,21,0.5133830949371936,TYR,Non-polar
13,22,0.1422268402882111,ILE,Non-polar
14,23,0.4255867974232818,LYS,Cationic
15,25,0.1846234273102324,LYS,Cationic
16,27,0.2168143834823217,ILE,Non-polar
17,28,0.0453322056642512,GLY,Polar
84,29,0.4017527214834623,GLN,Polar
85,30,0.5734753532205673,ASP,Anionic
86,31,0.5995828588525732,SER,Polar
18,32,0.3687728935188347,SER,Polar
19,33,0.4341598225531177,GLU,Anionic
20,34,0.2557237282777444,ILE,Non-polar
21,35,0.3919020758734809,HSD,Cationic
22,36,0.1652632261577405,PHE,Non-polar
23,37,0.5627657356908766,LYS,Cationic
24,38,0.058783195957993,VAL,Non-polar
25,39,0.2887784343654827,LYS,Cationic
87,40,0.3270351616619843,MET,Non-polar
88,41,0.6732522227281442,THR,Polar
89,42,0.5268147006356643,THR,Polar
90,43,0.5358603088944046,HSE,Cationic
0,44,0.0079279988223969,LEU,Non-polar
1,45,0.5964031542761851,LYS,Cationic
2,46,0.641903117551642,LYS,Cationic
3,47,0.114314503694704,LEU,Non-polar
4,48,0.0934714381977663,LYS,Cationic
5,49,0.4067111505526248,GLU,Anionic
6,50,0.2398718187025377,SER,Polar
7,51,0.0051093391343659,TYR,Non-polar
8,52,0.1503447455328864,CYS,Non-polar
9,53,0.6423095275308485,GLN,Polar
10,54,0.7994308183778007,ARG,Cationic
11,55,0.257619982567903,GLN,Polar
54,56,0.5842429878785438,GLY,Polar
55,57,0.3353119127678148,VAL,Non-polar
56,58,0.4411955003614549,PRO,Non-polar
57,59,0.0388096518117218,MET,Non-polar
58,60,0.4307321966650652,ASN,Polar
59,61,0.4676148741395323,SER,Polar
26,62,0.0075792985436803,LEU,Non-polar
27,63,0.3869143216115124,ARG,Cationic
28,65,0.1205305928335139,LEU,Non-polar
60,66,0.4102699882105777,PHE,Non-polar
61,67,0.6785699006553009,GLU,Anionic
62,68,0.4613256946052472,GLY,Polar
63,69,0.6195302945431148,GLN,Polar
64,70,0.5983261396300118,ARG,Cationic
65,71,0.114151626978165,ILE,Non-polar
66,72,0.4635973528396985,ALA,Non-polar
67,73,0.2213858538132938,ASP,Anionic
68,74,0.5497149299172793,ASN,Polar
69,75,0.4635082527443214,HSD,Cationic
70,77,0.048209168694236,PRO,Non-polar
71,78,0.6077565985210871,LYS,Cationic
72,79,0.5471773236711449,GLU,Anionic
73,80,0.0300961289730371,LEU,Non-polar
74,81,0.0075553674058815,GLY,Polar
75,82,0.6525796974821044,MET,Non-polar
76,83,0.701899876104337,GLU,Anionic
77,84,0.5683076092015917,GLU,Anionic
78,85,0.2618702326979593,GLU,Anionic
29,86,0.2283813354165796,ASP,Anionic
30,87,0.3423033743193655,VAL,Non-polar
31,89,0.3728476907605322,GLU,Anionic
32,90,0.1364433635364879,VAL,Non-polar
33,91,0.2835781321806066,TYR,Non-polar
34,92,0.2201639692359996,GLN,Polar
79,93,0.313751684171017,GLU,Anionic
80,94,0.5098247349819289,GLN,Polar
81,95,0.3626608351256949,THR,Polar
82,96,0.3915240887514095,GLY,Polar
